uo_cod,uo,grupo_cod,fonte_cod,ipu_cod,iag_cod,vlr_limite_ano0,vlr_utilizado_ano0,vlr_transferido,vlr_limite_ano1,vlr_utilizado_ano1,vlr_limite_ano2,vlr_utilizado_ano2,vlr_limite_ano3,vlr_utilizado_ano3
1011,ALMG,1,10,5,0,352279000,352279000,0,368131555,368131555,384697475,384697475,402008861,402008861
1011,ALMG,3,10,9,0,30000,30000,0,0,1000,0,1000,0,1000
1011,ALMG,3,10,7,0,64697000,64697000,0,67608365,67608365,70650741,70650741,73830024,73830024
1011,ALMG,3,10,1,0,257815000,257815000,0,269416675,269416675,281540425,281540425,294209744,294209744
1011,ALMG,5,10,1,0,11953000,11953000,0,12490885,12490885,13052975,13052975,13640359,13640359
1011,ALMG,1,10,9,0,1970000,1970000,0,1000,1000,1000,1000,1000,1000
1011,ALMG,1,10,1,0,1199505832,1199505832,0,1253483594,1253483594,1309890356,1309890356,1368835422,1368835422
1011,ALMG,4,10,1,0,11226000,11226000,0,11731170,11731170,12259073,12259073,12810731,12810731
1021,TCEMG,3,10,1,0,167981252,167981252,0,174784493,174784493,181863265,181863265,189228727,189228727
1021,TCEMG,1,10,1,0,655702860,655702860,0,682258826,682258826,709890308,709890308,738640866,738640866
1021,TCEMG,1,10,5,0,264391239,264391239,0,275099084,275099084,286240597,286240597,297833341,297833341
1021,TCEMG,4,10,1,0,17521112,17521112,0,17521112,17521112,17521112,17521112,17521112,17521112
1021,TCEMG,3,10,9,0,1000,1000,0,1000,1000,1000,1000,1000,1000
1021,TCEMG,3,60,1,0,10000000,10000000,0,10405000,10405000,10826403,10826403,11264872,11264872
1021,TCEMG,4,60,1,0,10779514,10779514,0,10779514,10779514,10779514,10779514,10779514,10779514
1021,TCEMG,1,43,5,0,111782853,111782853,0,116310059,116310059,121020616,121020616,125921951,125921951
1021,TCEMG,1,42,5,0,103953792,103953792,0,108163921,108163921,112544559,112544559,117102614,117102614
1021,TCEMG,3,10,7,0,28045983,28045983,0,29181845,29181845,30363710,30363710,31593440,31593440
1031,TJMG,1,10,9,0,1000,1000,0,1000,1000,1000,1000,1000,1000
1031,TJMG,1,10,5,0,650046178,650046178,0,0,728293965,0,754512547,0,780920487
1031,TJMG,1,10,1,0,7520513067,7520513067,0,0,8185562477,0,8480242726,0,8777051221
1031,TJMG,3,10,7,0,834283546,834283546,0,0,971465122,0,1006437867,0,1041663192
1051,TJMMG,4,10,1,0,7074633,7074633,0,0,7322245,0,7578523,0,7843772
1051,TJMMG,3,10,7,0,10576634,10576634,0,0,12039701,0,12521289,0,13022140
1051,TJMMG,1,10,1,0,103121412,103121412,0,0,107073084,0,111069120,0,115214955
1051,TJMMG,3,10,1,0,13822715,13822715,0,0,14644689,0,15512339,0,16428108
1051,TJMMG,1,10,9,0,1000,1000,0,0,1000,0,1000,0,1000
1051,TJMMG,1,10,5,0,16046112,16046112,0,0,17021727,0,17617488,0,18234100
1071,GABINETE MILITAR,3,10,1,0,25552232,25552232,0,26587097,26587097,27663874,27663874,28784261,28784261
1071,GABINETE MILITAR,4,25,1,1,230000,230000,0,0,0,0,0,0,0
1071,GABINETE MILITAR,1,10,1,0,7849923,7849923,0,8132521,8132521,8417160,8417160,8711761,8711761
1071,GABINETE MILITAR,3,10,1,1,1000,1000,0,1000,1000,1000,1000,1000,1000
1071,GABINETE MILITAR,4,10,1,0,425000,425000,0,425000,425000,425000,425000,425000,425000
1071,GABINETE MILITAR,3,10,7,0,1492222,1492222,0,1545942,1545942,1600050,1600050,1656052,1656052
1081,AGE,3,10,1,0,24606838,24606838,0,25603415,25603415,26640353,26640353,27719287,27719287
1081,AGE,4,10,1,0,3124000,3124000,0,3124000,3124000,3124000,3124000,3124000,3124000
1081,AGE,1,10,1,0,332411400,332411400,0,344378211,344378211,356431449,356431449,368906550,368906550
1081,AGE,1,10,9,0,1005036994,1005036994,0,1000,1000,1000,1000,1000,1000
1081,AGE,3,10,7,0,25046128,25046128,0,25947789,25947789,26855962,26855962,27795921,27795921
1081,AGE,3,10,9,0,327810812,327810812,0,1000,1000,1000,1000,1000,1000
1091,PGJ,5,10,1,0,5000000,5000000,0,0,5200000,0,5415000,0,5630000
1091,PGJ,4,10,1,0,35000000,35000000,0,0,91562250,0,95273101,0,99138166
1091,PGJ,3,10,7,0,205900000,205900000,0,0,215171450,0,225737534,0,235167275
1091,PGJ,1,10,1,0,2612830000,2612830000,0,0,2929409000,0,3041540000,0,3168700000
1091,PGJ,1,10,5,0,138620000,138620000,0,0,229784128,0,238750934,0,248447717
1091,PGJ,1,10,9,0,1000,1000,0,0,1000,0,1000,0,1000
1091,PGJ,3,10,1,0,437709008,437709008,0,0,556622105,0,584039284,0,603669892
1101,OGE,4,10,1,0,28630,28630,0,28630,28630,28630,28630,28630,28630
1101,OGE,3,10,7,0,1668799,1668799,0,1728876,1728876,1789387,1789387,1852016,1852016
1101,OGE,3,10,1,0,2220410,2220410,0,2310337,2310337,2403906,2403906,2501264,2501264
1101,OGE,1,10,1,0,13980241,13980241,0,14483530,14483530,14990454,14990454,15515120,15515120
1191,SEF,3,10,1,1,5732488,5732488,0,5964654,5964654,6206222,6206222,6457575,6457575
1191,SEF,3,10,7,0,82616832,82616832,0,85591038,85591038,88586725,88586725,91687261,91687261
1191,SEF,3,10,1,0,270601590,270601590,0,277801947,277801947,289052926,289052926,300759568,300759568
1191,SEF,4,10,1,0,20000000,20000000,0,20000000,20000000,20000000,20000000,20000000,20000000
1191,SEF,1,10,1,0,153718677,153718677,0,159252550,159252550,164826390,164826390,170595314,170595314
1191,SEF,3,29,1,0,26853700,26853700,0,31700282,31700282,32984143,32984143,34320001,34320001
1191,SEF,3,27,1,0,20000000,20000000,0,20810000,20810000,21652805,21652805,22529744,22529744
1191,SEF,1,15,1,0,1293470714,1293470714,0,1340035660,1340035660,1386936909,1386936909,1435479701,1435479701
1221,SEDE,1,10,1,0,21257215,21257215,0,22022475,22022475,22793262,22793262,23591027,23591027
1221,SEDE,3,10,1,1,1183457,1183457,0,1231387,1231387,1281258,1281258,1333149,1333149
1221,SEDE,3,32,1,1,16625788,16625788,0,17299132,17299132,17999747,17999747,18728737,18728737
1221,SEDE,3,10,1,0,14758634,14758634,0,15356359,15356359,15978291,15978291,16625412,16625412
1221,SEDE,3,32,1,0,4688130,4688130,0,4877999,4877999,5075558,5075558,5281118,5281118
1221,SEDE,4,10,1,0,200000,200000,0,200000,200000,200000,200000,200000,200000
1221,SEDE,4,32,1,0,10833509,10833509,0,10833509,10833509,10833509,10833509,10833509,10833509
1221,SEDE,3,10,7,0,3792734,3792734,0,3929273,3929273,4066798,4066798,4209136,4209136
1231,SEAPA,1,10,1,0,17819575,17819575,0,18461080,18461080,19107218,19107218,19775971,19775971
1231,SEAPA,3,80,1,0,3000000,3000000,0,0,0,0,0,0,0
1231,SEAPA,4,15,1,0,50000000,50000000,0,50000000,50000000,50000000,50000000,50000000,50000000
1231,SEAPA,3,71,1,1,2033426,2033426,0,2986279,2986279,3107223,3107223,3233066,3233066
1231,SEAPA,3,71,1,0,5813869,5813869,0,5178832,5178832,5388575,5388575,5606812,5606812
1231,SEAPA,3,10,7,0,2748327,2748327,0,2847267,2847267,2946922,2946922,3050065,3050065
1231,SEAPA,3,71,7,1,436760,436760,0,452484,452484,468321,468321,484713,484713
1231,SEAPA,3,10,1,0,21241698,21251698,0,22480838,22480838,23391312,23391312,24338660,24338660
1231,SEAPA,1,71,1,1,2441497,2441497,0,2529391,2529391,2617920,2617920,2709548,2709548
1251,PMMG,4,80,1,0,28890738,28890738,0,0,0,0,0,0,0
1251,PMMG,3,82,1,0,15000000,15000000,0,15607500,15607500,16239604,16239604,16897308,16897308
1251,PMMG,3,10,1,1,1000,1000,0,1041,1041,1083,1083,1127,1127
1251,PMMG,3,10,7,0,409261244,409261244,0,423994649,423994649,438834462,438834462,454193669,454193669
1251,PMMG,1,75,1,0,545754463,545754463,0,565401624,565401624,585190681,585190681,605672355,605672355
1251,PMMG,4,10,1,0,8540180,8540180,0,4727680,4727680,4727680,4727680,4727680,4727680
1251,PMMG,1,27,1,0,150884981,150884981,0,156316841,156316841,161787931,161787931,167450509,167450509
1251,PMMG,1,30,1,0,186552041,186552041,0,193267915,193267915,200032293,200032293,207033424,207033424
1251,PMMG,1,10,1,0,15370427850,15370427850,0,15923763256,15923763256,16481094973,16481094973,17057933302,17057933302
1251,PMMG,3,60,1,0,9428765,9428765,0,9810630,9810630,10207961,10207961,10621383,10621383
1251,PMMG,3,10,1,0,288909105,288909105,0,290600303,290600303,302369615,302369615,314615584,314615584
1261,SEE,3,71,1,1,135769226,135769226,0,141267880,141267880,146989229,146989229,152942293,152942293
1261,SEE,4,10,1,0,331014993,331014993,0,238669206,238669206,250290312,250290312,262169297,262169297
1261,SEE,3,23,7,0,274740062,274740062,0,284630705,284630705,294592780,294592780,304903528,304903528
1261,SEE,3,13,1,0,2100000,2100000,0,2185050,2185050,2273545,2273545,2365624,2365624
1261,SEE,3,10,1,1,424438674,424438674,0,441628440,441628440,459514392,459514392,478124725,478124725
1261,SEE,3,15,1,0,168794671,168794671,0,175630855,175630855,182743905,182743905,190145033,190145033
1261,SEE,1,23,1,0,12721942598,12721942598,0,13179932532,13179932532,13641230171,13641230171,14118673227,14118673227
1261,SEE,3,10,1,0,1954309957,1954309957,0,2033459510,2033459510,2115814620,2115814620,2201505112,2201505112
1261,SEE,4,15,1,1,155000000,155000000,0,155000000,155000000,155000000,155000000,155000000,155000000
1261,SEE,3,10,3,0,64644,64644,0,0,0,0,0,0,0
1261,SEE,3,10,7,0,1076076,1076076,0,1114814,1114814,1153836,1153836,1194219,1194219
1261,SEE,1,10,1,0,1566868074,1566868074,0,1623244245,1623244245,1680057794,1680057794,1738859817,1738859817
1261,SEE,4,10,1,1,250000000,250000000,0,208000000,208000000,216313513,216313513,224965885,224965885
1261,SEE,4,10,3,0,684313,684313,0,684313,684313,684313,684313,684313,684313
1261,SEE,4,10,3,1,300000,300000,0,312000,312000,324480,324480,337459,337459
1261,SEE,3,15,1,1,100000000,100000000,0,104050000,104050000,108264025,108264025,112648718,112648718
1261,SEE,4,15,1,0,50000000,50000000,0,50000000,50000000,50000000,50000000,50000000,50000000
1271,SECULT,3,80,1,0,11202039,11202039,0,0,0,0,0,0,0
1271,SECULT,4,10,1,0,350000,350000,0,350000,350000,350000,350000,350000,350000
1271,SECULT,1,10,1,0,24721051,24721051,0,25611009,25611009,26507395,26507395,27435154,27435154
1271,SECULT,3,10,7,0,4494959,4494959,0,4656778,4656778,4819766,4819766,4988458,4988458
1271,SECULT,3,10,1,1,36556,36556,0,38037,38037,39577,39577,41180,41180
1271,SECULT,3,10,1,0,34188180,34188180,0,35572801,35572801,37013499,37013499,38512546,38512546
1301,SEINFRA,1,10,1,0,45040425,45040425,0,46661881,46661881,48295047,48295047,49985374,49985374
1301,SEINFRA,4,15,1,0,100000000,100000000,0,100000000,100000000,100000000,100000000,100000000,100000000
1301,SEINFRA,3,59,1,0,2954825,1840000,1114825,894830,894830,931071,931071,968779,968779
1301,SEINFRA,4,10,3,0,41975791,41975791,0,0,0,0,0,0,0
1301,SEINFRA,4,10,1,0,78872579,78872579,0,78845579,78845579,78845579,78845579,78845579,78845579
1301,SEINFRA,3,10,7,0,8738908,8738908,0,9053509,9053509,9370382,9370382,9698346,9698346
1301,SEINFRA,4,95,1,0,87053233,87053233,0,87053233,87053233,43526616,43526616,0,0
1301,SEINFRA,4,32,1,0,47036614,47036614,0,47036614,47036614,47036614,47036614,47036614,47036614
1301,SEINFRA,3,10,1,0,83606981,83606981,0,86993064,86993064,90516283,90516283,94182192,94182192
1371,SEMAD,1,72,1,0,124832131,124832131,0,129326088,129326088,133852502,133852502,138537340,138537340
1371,SEMAD,3,31,7,0,21946459,21946459,0,22736532,22736532,23532311,23532311,24355942,24355942
1371,SEMAD,3,72,1,1,197160,197160,0,205145,205145,213453,213453,222098,222098
1371,SEMAD,3,29,1,0,2128143,2128143,0,2214333,2214333,2304013,2304013,2397326,2397326
1371,SEMAD,3,94,1,1,89700,89700,0,93333,93333,97113,97113,101046,101046
1371,SEMAD,4,72,3,0,837168,837168,0,0,0,0,0,0,0
1371,SEMAD,3,80,1,1,2500000,2500000,0,0,0,0,0,0,0
1371,SEMAD,3,72,3,0,10288421,10288421,0,0,0,0,0,0,0
1371,SEMAD,3,72,1,0,26421173,26421173,0,27533620,27533620,28648732,28648732,29809006,29809006
1371,SEMAD,4,72,1,0,280421,280421,0,280421,280421,280421,280421,280421,280421
1371,SEMAD,3,94,1,0,2773975,2773975,0,2886321,2886321,3003217,3003217,3124847,3124847
1401,CBMMG,3,10,7,0,51034994,51034994,0,52872254,52872254,54722783,54722783,56638081,56638081
1401,CBMMG,1,10,1,0,1792598573,1792598573,0,1857132125,1857132125,1922131753,1922131753,1989406366,1989406366
1401,CBMMG,3,27,1,1,2235814,2235814,0,2326364,2326364,2420582,2420582,2518616,2518616
1401,CBMMG,4,80,1,0,14445369,14445369,0,0,0,0,0,0,0
1401,CBMMG,4,27,1,1,2376000,2376000,0,2376000,2376000,2376000,2376000,2376000,2376000
1401,CBMMG,3,27,1,0,4131845,4131845,0,4755026,4755026,4947605,4947605,5147983,5147983
1401,CBMMG,3,10,1,0,65384122,65384122,0,65776322,65776322,68440263,68440263,71212094,71212094
1401,CBMMG,4,27,1,0,1876160,1876160,0,1876160,1876160,1876160,1876160,1876160,1876160
1401,CBMMG,4,25,1,0,5100000,5100000,0,0,3100000,0,0,0,0
1401,CBMMG,3,60,1,0,5716936,5716936,0,5948472,5948472,6189385,6189385,6440055,6440055
1441,DEF PUB,1,10,9,0,1000,1000,0,1000,1000,1000,1000,1000,1000
1441,DEF PUB,4,10,1,0,12300000,12300000,0,0,12798150,0,13316474,0,13855792
1441,DEF PUB,1,10,5,0,1000000,1000000,0,1040500,1040500,1082640,1082640,1126487,1126487
1441,DEF PUB,3,10,1,0,165606784,165606784,0,0,172313737,0,179292322,0,186553540
1441,DEF PUB,1,10,1,0,722000000,722000000,0,0,751241000,0,781666261,0,813323744
1441,DEF PUB,3,10,7,0,32003056,32003056,0,0,33299180,0,34647796,0,36051033
1451,SEJUSP,4,10,1,0,7620891,7620891,0,7620891,7620891,7620891,7620891,7620891,7620891
1451,SEJUSP,1,27,1,0,1024355891,1024355891,0,1061232704,1061232704,1098375849,1098375849,1136819004,1136819004
1451,SEJUSP,3,27,7,0,116531168,116531168,0,120726291,120726291,124951712,124951712,129325022,129325022
1451,SEJUSP,3,10,7,0,93687204,93687204,0,97059944,97059944,100457042,100457042,103973040,103973040
1451,SEJUSP,3,60,1,0,6030000,6030000,0,6274215,6274215,6528321,6528321,6792718,6792718
1451,SEJUSP,3,10,1,0,1123540049,1123540049,0,1169043421,1169043421,1216389680,1216389680,1265653462,1265653462
1451,SEJUSP,3,10,1,1,52687102,52687102,0,54820930,54820930,57041178,57041178,59351346,59351346
1451,SEJUSP,4,10,1,1,18909009,18909009,0,18909009,18909009,18909009,18909009,18909009,18909009
1451,SEJUSP,1,10,1,0,1665136546,1665136546,0,1725081462,1725081462,1785459314,1785459314,1847950390,1847950390
1451,SEJUSP,3,61,1,0,98740,98740,0,102739,102739,106900,106900,111229,111229
1481,SEDESE,3,80,1,0,50944205,50944205,0,0,0,0,0,0,0
1481,SEDESE,3,10,7,0,7437293,7437293,0,7705036,7705036,7974713,7974713,8253828,8253828
1481,SEDESE,4,71,1,1,72160200,72160200,0,72160200,72160200,72160200,72160200,72160200,72160200
1481,SEDESE,3,10,1,0,1872518,2262139,0,1948355,1948355,2027263,2027263,2109368,2109368
1481,SEDESE,4,10,1,0,80000,80000,0,80000,80000,80000,80000,80000,80000
1481,SEDESE,1,10,1,0,51316228,51316228,0,53163613,53163613,55024340,55024340,56950192,56950192
1481,SEDESE,3,71,7,1,135403,135403,0,140278,140278,145188,145188,150270,150270
1481,SEDESE,3,80,1,1,452871,452871,0,0,0,0,0,0,0
1481,SEDESE,3,71,1,1,13385167,13385167,0,13927265,13927265,14491319,14491319,15078218,15078218
1481,SEDESE,1,71,1,1,1162790,1162790,0,1204651,1204651,1246814,1246814,1290453,1290453
1481,SEDESE,3,71,7,0,3149589,3149589,0,3262975,3262975,3377180,3377180,3495382,3495382
1481,SEDESE,1,71,1,0,13479099,13484191,0,13964347,13964347,14453100,14453100,14958959,14958959
1481,SEDESE,3,71,1,0,30793506,30837978,0,30922204,30922204,32174554,32174554,33477623,33477623
1491,SEGOV,4,15,1,0,350000000,334965000,0,350000000,350000000,350000000,350000000,350000000,350000000
1491,SEGOV,3,10,1,0,1312822299,34564737,0,35964543,35964543,37421107,37421107,38936662,38936662
1491,SEGOV,1,10,1,0,45987084,45987084,0,47642620,47642620,49310112,49310112,51035966,51035966
1491,SEGOV,3,10,1,1,1000,1000,0,1000,1000,1000,1000,1000,1000
1491,SEGOV,4,10,1,0,9068058,9068058,0,9068058,9068058,9068058,9068058,9068058,9068058
1491,SEGOV,3,10,7,0,5237986,5237986,0,5426554,5426554,5616484,5616484,5813061,5813061
1501,SEPLAG,4,82,1,0,7785830,7785830,0,4413705,4413705,4413705,4413705,4413705,4413705
1501,SEPLAG,3,95,1,0,2000,2000,0,0,0,0,0,0,0
1501,SEPLAG,3,10,1,0,279428004,279428004,0,280409616,280409616,291766205,291766205,303582736,303582736
1501,SEPLAG,1,10,1,0,276954681,276954681,0,286925050,286925050,296967427,296967427,307361287,307361287
1501,SEPLAG,3,82,1,0,99210011,99210011,0,96758271,96758271,100676981,100676981,104754399,104754399
1501,SEPLAG,3,15,1,0,213410434,213410434,0,222053557,222053557,231046726,231046726,240404118,240404118
1501,SEPLAG,3,10,7,0,22087099,22087099,0,22882235,22882235,23683114,23683114,24512023,24512023
1501,SEPLAG,3,94,1,0,6740052,6740052,0,7013024,7013024,7297051,7297051,7592582,7592582
1501,SEPLAG,4,15,1,0,1656000,1656000,0,1656000,1656000,1656000,1656000,1656000,1656000
1501,SEPLAG,3,10,1,1,9204766,9204766,0,9577559,9577559,9965450,9965450,10369051,10369051
1501,SEPLAG,4,25,1,0,14285067,14285067,0,0,0,0,0,0,0
1501,SEPLAG,4,10,1,0,31413482,31413482,0,27353282,27353282,27353282,27353282,27353282,27353282
1511,PCMG,1,10,1,0,1421835584,1421835584,0,1473021666,1473021666,1524577425,1524577425,1577937635,1577937635
1511,PCMG,4,10,1,0,27445898,27445898,0,27445898,27445898,27445898,27445898,27445898,27445898
1511,PCMG,3,10,1,1,3000,3000,0,3000,3000,3000,3000,3000,3000
1511,PCMG,4,25,1,0,920640,920640,0,0,0,0,0,0,0
1511,PCMG,1,11,1,0,1239971290,1239971290,0,1284610257,1284610257,1329571616,1329571616,1376106623,1376106623
1511,PCMG,4,80,1,0,14445369,14445369,0,0,0,0,0,0,0
1511,PCMG,4,25,1,1,320640,320640,0,0,0,0,0,0,0
1511,PCMG,3,10,1,0,209977253,209977253,0,181026453,181026453,188358024,188358024,195986524,195986524
1511,PCMG,3,10,7,0,109112838,109112838,0,113040901,113040901,116997333,116997333,121092240,121092240
1521,CGE,4,10,1,0,2135577,2135577,0,1313652,1313652,1313652,1313652,1313652,1313652
1521,CGE,3,10,7,0,3689541,3689541,0,3822365,3822365,3956148,3956148,4094614,4094614
1521,CGE,3,10,1,0,2808334,2808334,0,2373788,2373788,2469926,2469926,2569958,2569958
1521,CGE,1,10,1,0,64318757,64318757,0,66634233,66634233,68966432,68966432,71380258,71380258
1541,ESP MG,3,10,7,0,1309352,1309352,0,1356489,1356489,1403967,1403967,1453106,1453106
1541,ESP MG,4,10,1,0,1800000,1800000,0,1800000,1800000,1800000,1800000,1800000,1800000
1541,ESP MG,3,10,1,0,6200000,6200000,0,6451100,6451100,6712370,6712370,6984220,6984220
1541,ESP MG,1,10,1,0,15601413,15601413,0,16163064,16163064,16728772,16728772,17314280,17314280
1631,SEC. GERAL,4,10,1,0,4500,4500,0,4500,4500,4500,4500,4500,4500
1631,SEC. GERAL,3,10,1,0,1829064,1829064,0,1903141,1903141,1980218,1980218,2060417,2060417
1631,SEC. GERAL,3,10,7,0,569772,569772,0,590284,590284,610944,610944,632328,632328
1631,SEC. GERAL,1,10,1,0,8250294,8250294,0,8547305,8547305,8846461,8846461,9156088,9156088
1711,SECOM,3,10,1,0,157782641,157782641,0,164172838,164172838,170821838,170821838,177740122,177740122
1711,SECOM,3,10,7,0,1545004,1545004,0,1600625,1600625,1656647,1656647,1714630,1714630
1711,SECOM,1,10,1,0,10626803,10626803,0,11009368,11009368,11394696,11394696,11793511,11793511
1721,SCC,3,10,1,0,4290432,4306124,0,4464194,4464194,4644994,4644994,4833116,4833116
1721,SCC,1,10,1,0,7391806,7391806,0,7657912,7657912,7925939,7925939,8203347,8203347
1721,SCC,4,10,1,0,79959,79959,0,79959,79959,79959,79959,79959,79959
1721,SCC,3,10,7,0,940982,940982,0,974858,974858,1008979,1008979,1044294,1044294
1911,EGE - SEF,3,51,1,0,2000000,2000000,0,2072000,2072000,2144520,2144520,2219579,2219579
1911,EGE - SEF,3,10,1,0,890765071,890765071,0,922832615,922832615,955131758,955131758,988561371,988561371
1915,PARTICIPAÇÃO EMPRESAS,5,80,1,0,110000000,110000000,0,0,0,0,0,0,0
1915,PARTICIPAÇÃO EMPRESAS,5,10,1,0,9000,9000,0,9000,9000,9000,9000,9000,9000
1916,GDPE - SEF,2,19,1,0,504269510,504269510,0,331009908,331009908,297433874,297433874,262123511,262123511
1916,GDPE - SEF,6,10,1,0,5331501222,5331501222,0,9242052553,9242052553,10506369344,10506369344,9718693890,9718693890
1916,GDPE - SEF,2,10,1,0,1436201000,1436201000,0,942741850,942741850,847116111,847116111,746549298,746549298
1916,GDPE - SEF,5,10,1,0,1000,1000,0,1000,1000,1000,1000,1000,1000
1916,GDPE - SEF,2,11,1,0,289215634,289215634,0,189845153,189845153,170588395,170588395,150336707,150336707
1941,EGE-SEPLAG,1,10,1,0,209392623,209392623,0,216930758,216930758,224523335,224523335,232381652,232381652
1941,EGE-SEPLAG,3,10,1,0,2453208,2453208,0,2552563,2552563,2655942,2655942,2763508,2763508
1951,EGE - CASA CIVIL,3,71,3,0,13498418,13498418,0,0,0,0,0,0,0
1951,EGE - CASA CIVIL,4,10,3,0,11702339,11702339,0,0,0,0,0,0,0
1951,EGE - CASA CIVIL,3,97,1,0,100000000,100000000,0,0,0,0,0,0,0
1951,EGE - CASA CIVIL,3,10,3,0,7000000,7000000,0,7000000,7000000,7000000,7000000,7000000,7000000
1991,RC,9,10,1,0,1053098607,1038063607,0,1091010157,1091010157,1129195513,1129195513,1168717356,1168717356
2011,IPSEMG,3,10,1,0,7879430,7879430,0,8198547,8198547,8530588,8530588,8876077,8876077
2011,IPSEMG,3,49,7,0,36867572,36867572,0,38194805,38194805,39531624,39531624,40915231,40915231
2011,IPSEMG,1,10,9,0,132252532,132252532,0,1000,1000,1000,1000,1000,1000
2011,IPSEMG,3,60,9,0,100000,100000,0,1000,1000,1000,1000,1000,1000
2011,IPSEMG,3,60,1,0,126207095,120624817,0,124967311,124967311,129465199,129465199,134124978,134124978
2011,IPSEMG,4,10,1,0,560693,560693,0,560693,560693,560693,560693,560693,560693
2011,IPSEMG,3,10,9,0,2352071,2352071,0,1000,1000,1000,1000,1000,1000
2011,IPSEMG,1,49,1,0,280522232,280522232,0,290621033,290621033,300792770,300792770,311320517,311320517
2011,IPSEMG,1,60,9,0,8918214,8918214,0,1000,1000,1000,1000,1000,1000
2041,LEMG,3,60,7,0,364938,364938,0,378076,378076,391309,391309,405005,405005
2041,LEMG,1,60,1,0,3893811,2082400,1811411,2157367,2157367,2232875,2232875,2311026,2311026
2041,LEMG,3,60,1,0,2676300,2374097,302203,2784690,2784690,2897470,2897470,3014818,3014818
2041,LEMG,4,60,1,0,29520,29520,0,29520,29520,29520,29520,29520,29520
2041,LEMG,3,60,9,0,1000,1000,0,1000,1000,1000,1000,1000,1000
2061,FJP,3,60,1,0,2807600,2807600,0,2921308,2921308,3039621,3039621,3162726,3162726
2061,FJP,1,10,9,0,457299,457299,0,1000,1000,1000,1000,1000,1000
2061,FJP,4,10,1,0,12000,12000,0,12000,12000,12000,12000,12000,12000
2061,FJP,1,10,1,0,52260317,52260317,0,54141689,54141689,56036649,56036649,57997932,57997932
2061,FJP,3,10,1,0,14944788,14944788,0,15550052,15550052,16179829,16179829,16835112,16835112
2061,FJP,3,10,7,0,3587574,3587574,0,3716727,3716727,3846813,3846813,3981452,3981452
2071,FAPEMIG,3,10,1,0,358820206,358820206,0,370699853,370699853,385713197,385713197,401334581,401334581
2071,FAPEMIG,3,10,7,0,1434136,1434136,0,1485765,1485765,1537767,1537767,1591589,1591589
2071,FAPEMIG,4,10,1,1,27247570,27247570,0,27247570,27247570,27247570,27247570,27247570,27247570
2071,FAPEMIG,4,10,3,0,1600000,1600000,0,0,0,0,0,0,0
2071,FAPEMIG,1,10,1,0,10460634,10460634,0,10837217,10837217,11216520,11216520,11609099,11609099
2071,FAPEMIG,3,10,3,0,2550013,2550013,0,0,0,0,0,0,0
2071,FAPEMIG,5,10,1,0,350000,350000,0,350000,350000,350000,350000,350000,350000
2071,FAPEMIG,3,10,1,1,48626809,48626809,0,49478491,49478491,51482370,51482370,53567406,53567406
2071,FAPEMIG,1,60,9,0,90543,90543,0,1000,1000,1000,1000,1000,1000
2071,FAPEMIG,4,10,1,0,90870481,90870481,0,86821157,86821157,86821157,86821157,86821157,86821157
2091,FEAM,4,60,1,0,17287,17287,0,17287,17287,17287,17287,17287,17287
2091,FEAM,1,60,9,0,1304420,1304420,0,1000,1000,1000,1000,1000,1000
2091,FEAM,3,72,1,0,18538173,18538173,0,19288969,19288969,20070172,20070172,20883014,20883014
2091,FEAM,1,72,1,0,12500010,12500010,0,12950011,12950011,13403262,13403262,13872377,13872377
2091,FEAM,4,72,1,0,2096140,2096140,0,2096140,2096140,2096140,2096140,2096140,2096140
2091,FEAM,3,72,7,0,7701932,7701932,0,7979202,7979202,8258475,8258475,8547522,8547522
2091,FEAM,1,52,1,0,21092032,16492440,4599592,21851346,21851346,22616144,22616144,23407710,23407710
2091,FEAM,1,60,1,0,10900741,10900741,0,11293168,11293168,11688429,11688429,12097525,12097525
2091,FEAM,3,52,1,0,13031438,531428,12500010,552951,552951,575346,575346,598648,598648
2101,IEF,3,72,3,0,10385,10385,0,0,0,0,0,0,0
2101,IEF,1,60,9,0,2741667,2741667,0,1000,1000,1000,1000,1000,1000
2101,IEF,1,91,1,0,20421000,20421000,0,21156163,21156163,21896629,21896629,22663012,22663012
2101,IEF,3,80,1,0,200149234,200149234,0,0,0,0,0,0,0
2101,IEF,3,60,1,0,8284469,0,8284469,153828,0,160058,0,166540,0
2101,IEF,1,72,1,0,4170057,4170057,0,4320180,4320180,4471387,4471387,4627886,4627886
2101,IEF,3,61,1,0,5156224,5156224,0,4168476,4168476,4337299,4337299,4512960,4512960
2101,IEF,4,72,3,0,10000,10000,0,0,0,0,0,0,0
2101,IEF,1,26,1,0,100222000,100222000,0,103829992,103829992,107464042,107464042,111225284,111225284
2101,IEF,3,72,1,0,69209908,69209908,0,72012909,72012909,74929432,74929432,77964074,77964074
2101,IEF,3,72,7,0,20368309,20368309,0,21101569,21101569,21840124,21840124,22604529,22604529
2101,IEF,4,72,1,0,76004,76004,0,76004,76004,76004,76004,76004,76004
2101,IEF,4,61,1,0,1500000,1500000,0,1500000,1500000,1500000,1500000,1500000,1500000
2101,IEF,3,60,9,0,77111,77111,0,1000,1000,1000,1000,1000,1000
2121,IPSM,1,50,1,0,954163826,954163826,0,988513724,988513724,1023111705,1023111705,1058920615,1058920615
2121,IPSM,3,50,1,0,3046600,3046600,0,3169987,3169987,3298371,3298371,3431955,3431955
2121,IPSM,1,49,1,0,1307526464,1307526464,0,1354597417,1354597417,1402008327,1402008327,1451078619,1451078619
2121,IPSM,3,49,1,0,872383563,872383563,0,6411249,6411249,6670905,6670905,6941077,6941077
2121,IPSM,3,50,7,0,3030730,3030730,0,3139837,3139837,3249732,3249732,3363473,3363473
2151,FHA,4,10,1,0,1623000,1623000,0,1623000,1623000,1623000,1623000,1623000,1623000
2151,FHA,3,10,1,0,41608399,41608399,0,43293539,43293539,45046927,45046927,46871328,46871328
2151,FHA,3,60,1,0,242000,242000,0,251801,251801,261999,261999,272610,272610
2151,FHA,1,10,1,0,37216466,37216466,0,38556259,38556259,39905729,39905729,41302430,41302430
2151,FHA,3,10,7,0,7607335,7607335,0,7881200,7881200,8157042,8157042,8442539,8442539
2151,FHA,3,60,9,0,1000,1000,0,1000,1000,1000,1000,1000,1000
2161,FUCAM,3,10,1,0,6237266,6237266,0,6489875,6489875,6752715,6752715,7026200,7026200
2161,FUCAM,3,10,7,0,786071,786071,0,814370,814370,842873,842873,872374,872374
2161,FUCAM,1,10,9,0,201914,201914,0,1000,1000,1000,1000,1000,1000
2161,FUCAM,4,10,1,0,77082,77082,0,77082,77082,77082,77082,77082,77082
2161,FUCAM,1,10,1,0,3860595,3860595,0,3999577,3999577,4139563,4139563,4284448,4284448
2171,FAOP,3,10,7,0,634738,634738,0,657589,657589,680605,680605,704427,704427
2171,FAOP,3,10,1,0,1216820,1216820,0,1266101,1266101,1317378,1317378,1370732,1370732
2171,FAOP,3,10,1,1,1000,1000,0,1000,1000,1000,1000,1000,1000
2171,FAOP,4,10,1,0,31680,31680,0,31680,31680,31680,31680,31680,31680
2171,FAOP,1,10,1,0,2388655,2388655,0,2474647,2474647,2561260,2561260,2650905,2650905
2171,FAOP,1,10,9,0,1000,1000,0,1000,1000,1000,1000,1000,1000
2171,FAOP,3,60,1,0,800000,800000,0,832400,832400,866112,866112,901190,901190
2181,FCS,3,10,7,0,4920443,4920443,0,5097579,5097579,5275995,5275995,5460655,5460655
2181,FCS,1,10,1,0,21829227,21829227,0,22615080,22615080,23406608,23406608,24225840,24225840
2181,FCS,3,60,1,0,3150000,3150000,0,3277575,3277575,3410317,3410317,3548435,3548435
2181,FCS,1,10,9,0,73293,73293,0,1000,1000,1000,1000,1000,1000
2181,FCS,3,10,1,0,26329856,26329856,0,27396215,27396215,28505762,28505762,29660245,29660245
2181,FCS,3,10,1,1,1000,1000,0,1000,1000,1000,1000,1000,1000
2201,IEPHA,3,10,9,0,55571,55571,0,1000,1000,1000,1000,1000,1000
2201,IEPHA,3,10,7,0,1518684,1518684,0,1573357,1573357,1628425,1628425,1685420,1685420
2201,IEPHA,1,10,1,0,10014752,10014752,0,10375284,10375284,10738419,10738419,11114264,11114264
2201,IEPHA,3,10,1,0,7819219,7819219,0,8135897,8135897,8465401,8465401,8808250,8808250
2201,IEPHA,3,60,1,0,10680,10680,0,11113,11113,11563,11563,12031,12031
2201,IEPHA,1,10,9,0,382495,382495,0,1000,1000,1000,1000,1000,1000
2211,TV MINAS,1,10,9,0,1000,1000,0,1000,1000,1000,1000,1000,1000
2211,TV MINAS,3,10,7,0,2241547,2241547,0,2322243,2322243,2403522,2403522,2487646,2487646
2211,TV MINAS,3,60,1,0,3830000,3830000,0,3985115,3985115,4146512,4146512,4314446,4314446
2211,TV MINAS,1,10,1,0,6658578,6658578,0,6898287,6898287,7139728,7139728,7389619,7389619
2211,TV MINAS,3,10,1,0,2952945,2952945,0,3072539,3072539,3196977,3196977,3326455,3326455
2241,IGAM,3,72,1,0,17649764,17649764,0,18912610,18912610,20292817,20292817,21801764,21801764
2241,IGAM,4,72,1,0,136555,136555,0,136555,136555,136555,136555,136555,136555
2241,IGAM,1,72,1,0,26659059,26659059,0,27618786,27618786,28585444,28585444,29585935,29585935
2241,IGAM,3,72,3,0,105000,105000,0,0,0,0,0,0,0
2241,IGAM,3,72,7,0,4109869,4109869,0,4257825,4257825,4406849,4406849,4561089,4561089
2241,IGAM,3,91,9,0,1000,1000,0,1000,1000,1000,1000,1000,1000
2241,IGAM,1,60,1,0,1365349,1365349,0,1414502,1414502,1464010,1464010,1515251,1515251
2251,JUCEMG,1,60,9,0,451532,451532,0,1000,1000,1000,1000,1000,1000
2251,JUCEMG,1,60,1,0,20146161,16154634,3991527,16736201,16736201,17321969,17321969,17928238,17928238
2251,JUCEMG,3,60,1,0,8568513,8568513,0,8915538,8915538,9276617,9276617,9652320,9652320
2251,JUCEMG,4,60,1,0,8551488,8551488,0,8551488,8551488,8551488,8551488,8551488,8551488
2251,JUCEMG,3,60,7,0,4504931,4504931,0,4667109,4667109,4830458,4830458,4999525,4999525
2251,JUCEMG,3,60,9,0,802080,802080,0,1000,1000,1000,1000,1000,1000
2261,FUNED,1,10,1,0,95864443,95864443,0,99315563,99315563,102791608,102791608,106389315,106389315
2261,FUNED,4,10,1,0,98000000,98000000,0,98000000,98000000,98000000,98000000,98000000,98000000
2261,FUNED,3,10,7,0,14966097,14966097,0,15504877,15504877,16047548,16047548,16609213,16609213
2261,FUNED,1,60,9,0,8630047,8630047,0,1000,1000,1000,1000,1000,1000
2261,FUNED,3,60,9,0,55782,55782,0,1000,1000,1000,1000,1000,1000
2261,FUNED,3,10,1,0,402000000,402000000,0,418281000,418281000,435221380,435221380,452847846,452847846
2271,FHEMIG,3,60,9,0,1356404,1356404,0,1000,1000,1000,1000,1000,1000
2271,FHEMIG,1,60,9,0,27787026,27787026,0,1000,1000,1000,1000,1000,1000
2271,FHEMIG,3,10,3,0,558873,558873,0,0,0,0,0,0,0
2271,FHEMIG,1,10,1,0,1255155649,1255155649,0,1300341253,1300341253,1345853197,1345853197,1392958059,1392958059
2271,FHEMIG,3,10,7,0,182698450,182698450,0,189275595,189275595,195900241,195900241,202756750,202756750
2271,FHEMIG,4,10,1,0,28000000,28000000,0,28000000,28000000,28000000,28000000,28000000,28000000
2271,FHEMIG,3,10,1,0,681404254,681404254,0,709001126,709001126,737715672,737715672,767593157,767593157
2281,UTRAMIG,1,60,9,0,1000,1000,0,1000,1000,1000,1000,1000,1000
2281,UTRAMIG,4,10,1,0,1239353,1239353,0,1239353,1239353,1239353,1239353,1239353,1239353
2281,UTRAMIG,1,10,1,0,2008908,2008908,0,2081229,2081229,2154073,2154073,2229466,2229466
2281,UTRAMIG,3,10,1,0,3618348,3618348,0,3764891,3764891,3917369,3917369,4076022,4076022
2281,UTRAMIG,3,10,7,0,444189,444189,0,460180,460180,476287,476287,492958,492958
2301,DER-MG,4,95,1,0,211539750,211539750,0,211539750,211539750,105769875,105769875,0,0
2301,DER-MG,3,10,7,0,34655862,34655862,0,35903474,35903474,37160096,37160096,38460700,38460700
2301,DER-MG,4,25,1,0,11730913,11730913,0,0,0,0,0,0,0
2301,DER-MG,1,10,9,0,27024653,27024653,0,1000,1000,1000,1000,1000,1000
2301,DER-MG,4,33,1,0,36352549,36352549,0,36352549,36352549,36352549,36352549,36352549,36352549
2301,DER-MG,4,51,1,0,74149366,74149366,0,68322234,68322234,68322234,68322234,68322234,68322234
2301,DER-MG,4,10,9,0,1954064,1954064,0,1000,1000,1000,1000,1000,1000
2301,DER-MG,1,10,1,0,127522669,127522669,0,132113486,132113486,136737459,136737459,141523271,141523271
2301,DER-MG,4,80,1,0,200000000,200000000,0,0,0,0,0,0,0
2301,DER-MG,4,47,1,0,1115301,1115301,0,1115301,1115301,1115301,1115301,1115301,1115301
2301,DER-MG,3,91,1,0,4376003,4376003,0,4553231,4553231,4737637,4737637,4929511,4929511
2301,DER-MG,3,10,9,0,6313216,6313216,0,1000,1000,1000,1000,1000,1000
2301,DER-MG,4,10,1,0,889170698,889170698,0,889170698,889170698,889170698,889170698,889170698,889170698
2301,DER-MG,4,10,3,0,3612000,3612000,0,0,0,0,0,0,0
2301,DER-MG,4,32,1,0,227804692,227804692,0,227804692,227804692,227804692,227804692,227804692,227804692
2301,DER-MG,3,60,1,0,2197729,2197729,0,2286737,2286737,2379350,2379350,2475714,2475714
2301,DER-MG,3,10,1,0,100915092,100915092,0,105002153,105002153,109254740,109254740,113679557,113679557
2311,UNIMONTES,4,10,1,0,796428,796428,0,796428,796428,796428,796428,796428,796428
2311,UNIMONTES,3,60,1,0,8104286,8104286,0,8432510,8432510,8774027,8774027,9129375,9129375
2311,UNIMONTES,3,10,1,0,111354395,111354395,0,115864248,115864248,120556750,120556750,125439298,125439298
2311,UNIMONTES,3,10,7,0,40507790,40507790,0,41966071,41966071,43434884,43434884,44955105,44955105
2311,UNIMONTES,3,60,9,0,51519,51519,0,1000,1000,1000,1000,1000,1000
2311,UNIMONTES,1,10,1,0,315790155,315790155,0,327158601,327158601,338609153,338609153,350460474,350460474
2311,UNIMONTES,3,10,3,0,180246,180246,0,0,0,0,0,0,0
2311,UNIMONTES,4,10,3,0,6025,6025,0,0,0,0,0,0,0
2311,UNIMONTES,1,60,9,0,2548849,2548849,0,1000,1000,1000,1000,1000,1000
2311,UNIMONTES,1,60,1,0,1788961,1788961,0,1853364,1853364,1918232,1918232,1985371,1985371
2321,HEMOMINAS,3,10,3,0,80538,80538,0,0,0,0,0,0,0
2321,HEMOMINAS,4,10,3,0,5214113,5214113,0,0,0,0,0,0,0
2321,HEMOMINAS,1,60,9,0,1938171,1938171,0,1000,1000,1000,1000,1000,1000
2321,HEMOMINAS,3,10,7,0,26865649,26865649,0,27832813,27832813,28806962,28806962,29815206,29815206
2321,HEMOMINAS,3,10,1,0,175770947,176630629,0,182889670,182889670,190296701,190296701,198003718,198003718
2321,HEMOMINAS,4,10,1,0,17419969,17419969,0,17419969,17419969,17419969,17419969,17419969,17419969
2321,HEMOMINAS,1,10,1,0,167551675,167551675,0,173583536,173583536,179658960,179658960,185947024,185947024
2331,IPEMMG,1,10,1,0,198964,397928,0,206127,206127,213342,213342,220809,220809
2331,IPEMMG,3,73,7,0,5461066,5656913,0,5657665,5657665,5855684,5855684,6060633,6060633
2331,IPEMMG,1,73,9,0,102255,102255,0,1000,1000,1000,1000,1000,1000
2331,IPEMMG,1,73,1,0,13516045,15181400,0,14002623,14002623,14492715,14492715,14999961,14999961
2351,UEMG,1,10,9,0,4037512,4037512,0,1000,1000,1000,1000,1000,1000
2351,UEMG,4,10,3,0,569820,569820,0,0,0,0,0,0,0
2351,UEMG,1,60,9,0,1862000,1862000,0,1000,1000,1000,1000,1000,1000
2351,UEMG,4,10,1,0,4682250,4682250,0,4682250,4682250,4682250,4682250,4682250,4682250
2351,UEMG,3,10,3,0,179781,179781,0,0,0,0,0,0,0
2351,UEMG,3,10,7,0,32429651,32429651,0,33597119,33597119,34773019,34773019,35990075,35990075
2351,UEMG,3,10,1,0,137397618,137397618,0,142962222,142962222,148752192,148752192,154776656,154776656
2351,UEMG,1,10,1,0,243500634,243500634,0,252266657,252266657,261095990,261095990,270234350,270234350
2371,IMA,4,91,3,0,80062,80062,0,0,0,0,0,0,0
2371,IMA,3,10,7,0,31914469,31914469,0,33063390,33063390,34220609,34220609,35418331,35418331
2371,IMA,3,91,3,0,101188,101188,0,0,0,0,0,0,0
2371,IMA,1,10,1,0,175084245,175084245,0,181387278,181387278,187735833,187735833,194306588,194306588
2371,IMA,3,60,1,0,9149686,8946826,202860,9309172,9309172,9686193,9686193,10078484,10078484
2371,IMA,1,60,1,0,11468870,11468870,0,11881750,11881750,12297612,12297612,12728029,12728029
2371,IMA,1,91,1,0,37723800,37723800,0,39081857,39081857,40449722,40449722,41865462,41865462
2371,IMA,3,10,9,0,77592,77592,0,1000,1000,1000,1000,1000,1000
2371,IMA,3,91,1,0,13992752,13992752,0,14559458,14559458,15149116,15149116,15762655,15762655
2371,IMA,1,10,9,0,6633896,6633896,0,1000,1000,1000,1000,1000,1000
2371,IMA,3,91,1,1,1000,1000,0,1000,1000,1000,1000,1000,1000
2421,IDENE,1,71,1,0,8415298,8415298,0,8718249,8718249,9023388,9023388,9339207,9339207
2421,IDENE,3,71,7,0,1614729,1614729,0,1672860,1672860,1731411,1731411,1792011,1792011
2421,IDENE,3,10,9,0,1000,1000,0,1000,1000,1000,1000,1000,1000
2421,IDENE,3,71,1,0,6872012,6872012,0,7150328,7150328,7439916,7439916,7741233,7741233
2431,AGÊNCIA RMBH,3,10,7,0,578444,578444,0,599268,599268,620243,620243,641952,641952
2431,AGÊNCIA RMBH,1,10,9,0,1000,1000,0,1000,1000,1000,1000,1000,1000
2431,AGÊNCIA RMBH,3,10,1,0,337725,337725,0,351403,351403,365635,365635,380443,380443
2431,AGÊNCIA RMBH,3,60,1,0,1100000,1100000,0,1144550,1144550,1190904,1190904,1239136,1239136
2431,AGÊNCIA RMBH,1,10,1,0,4439010,4439010,0,4598815,4598815,4759774,4759774,4926367,4926367
2441,ARSAE -MG,3,59,1,0,4518005,3153714,1364291,3281439,3281439,3414337,3414337,3552618,3552618
2441,ARSAE -MG,1,59,1,0,14653501,14653501,0,15181028,15181028,15712364,15712364,16262297,16262297
2441,ARSAE -MG,3,59,7,0,1291779,1291779,0,1338284,1338284,1385124,1385124,1433604,1433604
2441,ARSAE -MG,1,59,9,0,32087,32087,0,1000,1000,1000,1000,1000,1000
2461,ARMVA,1,10,9,0,1000,1000,0,1000,1000,1000,1000,1000,1000
2461,ARMVA,1,10,1,0,1948289,1948289,0,2018428,2018428,2089073,2089073,2162191,2162191
2461,ARMVA,3,32,1,0,458892,458892,0,477477,477477,496815,496815,516936,516936
2461,ARMVA,3,10,7,0,251163,251163,0,260205,260205,269313,269313,278739,278739
2461,ARMVA,3,60,1,0,60000,60000,0,62430,62430,64958,64958,67589,67589
2461,ARMVA,3,32,1,1,2430568,2430568,0,2529006,2529006,2631431,2631431,2738004,2738004
2461,ARMVA,3,10,3,1,96325,96325,0,100226,100226,104285,104285,108509,108509
2461,ARMVA,4,10,1,0,100100,100100,0,100100,100100,100100,100100,100100,100100
2461,ARMVA,3,10,1,0,416010,416010,0,432858,432858,450389,450389,468630,468630
3041,EMATER,3,60,1,0,22858530,22858530,0,23784300,23784300,24747564,24747564,25749840,25749840
3041,EMATER,3,60,3,0,136817,136817,0,0,0,0,0,0,0
3041,EMATER,4,60,1,0,9896062,9896062,0,9896062,9896062,9896062,9896062,9896062,9896062
3041,EMATER,3,67,1,0,52879042,52879042,0,54316826,54316826,56217915,56217915,58185543,58185543
3041,EMATER,3,80,1,0,63496554,63496554,0,0,0,0,0,0,0
3041,EMATER,4,60,3,0,118938,118938,0,0,0,0,0,0,0
3041,EMATER,1,67,1,0,47230958,47230958,0,49143812,49143812,51134136,51134136,53205069,53205069
3041,EMATER,1,60,1,0,16954703,16954703,0,17641368,17641368,18355843,18355843,19099255,19099255
3041,EMATER,1,10,1,0,231192439,231192439,0,239515367,239515367,247898405,247898405,256574850,256574850
3041,EMATER,1,60,9,0,34950,34950,0,1000,1000,1000,1000,1000,1000
3051,EPAMIG,1,10,1,0,109293915,109293915,0,113228496,113228496,117191494,117191494,121293197,121293197
3051,EPAMIG,4,10,3,0,59779,59779,0,0,0,0,0,0,0
3051,EPAMIG,3,10,3,0,1747,1747,0,0,0,0,0,0,0
3051,EPAMIG,1,10,9,0,1000,1000,0,1000,1000,1000,1000,1000,1000
3051,EPAMIG,3,10,1,0,17482968,17482968,0,18191028,18191028,18927765,18927765,19694339,19694339
3051,EPAMIG,4,10,1,0,12754717,12754717,0,12754717,12754717,12754717,12754717,12754717,12754717
3151,EMC,3,60,1,0,1200000,1200000,0,1248600,1248600,1299168,1299168,1351784,1351784
3151,EMC,3,10,1,0,19956803,19956803,0,20765054,20765054,21606039,21606039,22481084,22481084
3151,EMC,1,10,1,0,13950160,13950160,0,14452366,14452366,14958199,14958199,15481736,15481736
3151,EMC,3,10,9,0,1000,1000,0,1000,1000,1000,1000,1000,1000
4151,FASTUR,3,10,1,0,1000,1000,0,1000,1000,1000,1000,1000,1000
4251,FEAS,4,71,1,0,1924840,1924840,0,1924840,1924840,1924840,1924840,1924840,1924840
4251,FEAS,3,71,1,0,167429997,167429997,0,174210912,174210912,181266454,181266454,188607745,188607745
4291,FES,3,10,1,1,671350,671350,0,698540,698540,726831,726831,756267,756267
4291,FES,4,80,1,0,110000000,110000000,0,0,0,0,0,0,0
4291,FES,3,10,1,0,10236330625,9315536230,0,10560165575,10560165575,10987852281,10987852281,11432860299,11432860299
4291,FES,4,71,1,0,65169228,65169228,0,67808582,67808582,70554830,70554830,73412301,73412301
4291,FES,4,15,1,0,92144772,92144772,0,92144772,92144772,92144772,92144772,92144772,92144772
4291,FES,1,10,1,0,411884493,411884493,0,426712335,426712335,441647267,441647267,457104922,457104922
4291,FES,3,10,7,0,50134521,50134521,0,51939364,51939364,53757242,53757242,55638746,55638746
4291,FES,4,10,1,0,349900383,349900383,0,349900383,349900383,349900383,349900383,349900383,349900383
4291,FES,3,15,1,0,113007766,113007766,0,121316444,121316444,129961623,129961623,138956932,138956932
4321,FUNPREN,3,10,1,0,1000,1000,0,1000,1000,1000,1000,1000,1000
4331,FDM,3,59,1,0,90000,90000,0,93645,93645,97438,97438,101384,101384
4331,FDM,3,10,1,0,90000,90000,0,93645,93645,97438,97438,101384,101384
4341,FHIDRO,4,31,1,0,677004,1552004,0,677004,677004,677004,677004,677004,677004
4341,FHIDRO,3,31,1,0,30456503,30456503,0,32394414,32394414,33706388,33706388,35071497,35071497
4381,FUNTRANS,4,54,1,0,3871712,3871712,0,3871712,3871712,3871712,3871712,3871712,3871712
4381,FUNTRANS,3,60,1,0,1400000,578100,1400000,0,0,0,0,0,0
4381,FUNTRANS,4,60,1,0,47046294,46757524,47046294,0,0,0,0,0,0
4381,FUNTRANS,3,83,1,0,40806380,25263473,15542907,26286644,26286644,27351253,27351253,28458979,28458979
4381,FUNTRANS,4,83,1,0,155359126,127318288,28040838,127318288,127318288,127318288,127318288,127318288,127318288
4381,FUNTRANS,5,60,1,0,105699643,0,105699643,0,0,0,0,0,0
4541,FAHMEMG,3,60,1,0,454863,454863,0,473285,473285,492453,492453,512397,512397
4551,FUNAPEC,3,10,1,0,59326424,59326424,0,61729144,61729144,64229174,64229174,66830456,66830456
4631,FPP - MG,3,10,1,0,198913271,198913271,0,206969258,206969258,215351513,215351513,224073249,224073249
4631,FPP - MG,5,95,1,0,737946767,737946767,0,737946767,737946767,368973384,368973384,0,0
4631,FPP - MG,5,10,1,0,391676411,391676411,0,391676411,391676411,391676411,391676411,391676411,391676411
4641,FGP - MG,3,10,1,0,1000,1000,0,1000,1000,1000,1000,1000,1000
4651,FECIDAT,3,10,1,0,2000,2000,0,2000,2000,2000,2000,2000,2000
4671,FIIMG,3,10,1,0,1000,1000,0,1000,1000,1000,1000,1000,1000
4701,FET-MG,3,10,3,1,2720802,2720802,0,0,0,0,0,0,0
4711,FFP - MG,1,61,1,0,68579821,68579821,0,71048695,71048695,73535400,73535400,76109139,76109139
4711,FFP - MG,3,10,1,0,7563054,7563054,0,9470233,9470233,8557707,8557707,6549619,6549619
4711,FFP - MG,1,15,1,0,1393551364,1393551364,0,1443719214,1443719214,1494249387,1494249387,1546548116,1546548116
4711,FFP - MG,1,60,1,0,166588,166588,0,172586,172586,178627,178627,184879,184879
4711,FFP - MG,1,44,1,0,41641705,41641705,0,43140807,43140807,44650736,44650736,46213512,46213512
4711,FFP - MG,1,42,1,0,7157695585,5271385798,1886309787,5461155687,5461155687,5652296137,5652296137,5850126502,5850126502
4711,FFP - MG,1,10,9,0,1500000,1500000,0,1554000,1554000,1608390,1608390,1664684,1664684
4711,FFP - MG,1,10,1,0,9759184836,9759184836,0,10110514984,10110514984,10464382517,10464382517,10830635415,10830635415
4711,FFP - MG,1,43,1,0,3694896077,2338114463,1356781614,2422286584,2422286584,2507066615,2507066615,2594813947,2594813947
4721,FEPREMG,3,10,1,0,1000,1000,0,1000,1000,1000,1000,1000,1000
